price,bedrooms,bathrooms,area,year_built,neighborhood,parking,crime_rate
350000,3,2,1850,1995,Suburbs,Yes,0.012
420000,4,2.5,2200,2002,Suburbs,Yes,0.008
280000,2,1,1100,1980,Urban,No,0.054
850000,5,4,4100,2015,Urban,Yes,0.021
510000,3,2.5,2400,2010,Suburbs,Yes,0.009
310000,3,1.5,1450,1990,Rural,No,
220000,2,1,950,1970,Rural,No,0.003
620000,4,3,2850,2008,Suburbs,Yes,0.011
740000,4,3.5,3400,2012,Urban,Yes,0.032
,3,2,1700,2001,Rural,Yes,0.005
460000,3,2,2100,2005,Suburbs,,0.015
580000,4,2.5,2600,,Urban,Yes,0.024
290000,2,1.5,1300,1988,Rural,No,0.004
380000,3,2,1900,1998,Suburbs,Yes,0.014
910000,5,4.5,4500,2018,Urban,Yes,0.018
260000,2,1,1050,1978,Urban,No,0.045
330000,3,2,1600,1993,Rural,No,0.006
670000,4,3,3100,2011,Suburbs,Yes,0.010
530000,3,2.5,2450,2009,Urban,Yes,
400000,3,2,2000,2000,Suburbs,Yes,0.013
